id,first_name,last_name,email,gender,ip_address,isAdmin
1,Court,,ctrafford0@bizjournals.com,Male,112.80.7.35,true
2,Niles,,ncleife1@dell.com,Male,237.132.41.0,false
,Gustave,Thieme,gthieme2@mail.ru,Male,122.162.224.224,false
4,Dun,,dcolafate3@techcrunch.com,,207.165.247.54,false
5,Seumas,Paterno,spaterno4@netvibes.com,,,true
,Hazel,Kremer,hkremer5@smh.com.au,Female,,true
7,Sigrid,Bottjer,sbottjer6@techcrunch.com,Female,171.95.119.249,true
8,Antonio,Uridge,auridge7@gnu.org,Male,123.75.166.150,false
9,Dasie,Wabersinke,dwabersinke8@ca.gov,,228.189.211.214,false
10,Naomi,Guerrero,nguerrero9@google.com.au,Female,212.122.152.166,true
11,Verena,Twallin,vtwallina@stumbleupon.com,,,false
12,Monah,Biggadike,mbiggadikeb@is.gd,Female,,true
13,Gerhardt,,gdefondc@noaa.gov,Male,223.42.26.166,false
14,Reg,Branchett,rbranchettd@nps.gov,Male,174.164.218.191,false
,Rosalinda,Coulter,rcoultere@slideshare.net,Bigender,,
16,Tommie,Rabidge,trabidgef@mlb.com,Female,103.137.11.219,false
17,Bartolemo,Stampfer,bstampferg@ucoz.com,Male,231.116.116.9,false
18,Colet,Downes,cdownesh@google.de,Male,196.167.145.174,false
19,Stanislaw,,squarmbyi@liveinternet.ru,Male,139.201.67.63,false
,Yettie,Alekseev,yalekseevj@omniture.com,Female,212.75.253.44,true
